run,modelo,grupo,parte,etapas_ok,inelegivel,posicao,status,arquivos,erros,sloc,lloc,funcoes,cc_media,cc_max,cc_acima_10_pct,mi_min
deepseek/run1/baseline,deepseek/deepseek-v4.1-flash,baseline,implementacao,True,,147,ok,1,0,161,154,5,12.2,37,40.0,22.929810697158
deepseek/run1/baseline,deepseek/deepseek-v4.1-flash,baseline,testes,True,,147,ausente,0,0,,,,,,,
deepseek/run1/tdd,deepseek/deepseek-v4.1-flash,tdd,implementacao,True,,16,ok,1,0,138,90,7,5.571428571428571,21,14.285714285714286,33.81090755762727
deepseek/run1/tdd,deepseek/deepseek-v4.1-flash,tdd,testes,True,,16,ok,1,0,188,130,28,3.25,26,3.5714285714285716,31.16912673677952
deepseek/run2/baseline,deepseek/deepseek-v4.1-flash,baseline,implementacao,True,,117,ok,1,0,177,169,10,4.2,21,10.0,27.819807585718582
deepseek/run2/baseline,deepseek/deepseek-v4.1-flash,baseline,testes,True,,117,ausente,0,0,,,,,,,
deepseek/run2/tdd,deepseek/deepseek-v4.1-flash,tdd,implementacao,True,,73,ok,1,0,179,145,8,4.75,21,12.5,29.81967356693837
deepseek/run2/tdd,deepseek/deepseek-v4.1-flash,tdd,testes,True,,73,ok,1,0,195,168,26,3.3461538461538463,23,3.8461538461538463,21.774182649402025
deepseek/run3/baseline,deepseek/deepseek-v4.1-flash,baseline,implementacao,True,,50,ok,1,0,144,109,11,4.181818181818182,23,9.090909090909092,31.19732411422484
deepseek/run3/baseline,deepseek/deepseek-v4.1-flash,baseline,testes,True,,50,ausente,0,0,,,,,,,
deepseek/run3/tdd,deepseek/deepseek-v4.1-flash,tdd,implementacao,True,,71,ok,1,0,144,110,10,4.9,22,10.0,29.880679278234492
deepseek/run3/tdd,deepseek/deepseek-v4.1-flash,tdd,testes,True,,71,ok,1,0,90,63,10,3.2,5,0.0,39.56280029348649
deepseek/run4/baseline,deepseek/deepseek-v4.1-flash,baseline,implementacao,True,,116,ok,1,0,174,167,6,6.666666666666667,21,16.666666666666668,27.85969154963457
deepseek/run4/baseline,deepseek/deepseek-v4.1-flash,baseline,testes,True,,116,ausente,0,0,,,,,,,
deepseek/run4/tdd,deepseek/deepseek-v4.1-flash,tdd,implementacao,True,,123,ok,1,0,188,149,12,4.583333333333333,20,8.333333333333334,27.331694275744145
deepseek/run4/tdd,deepseek/deepseek-v4.1-flash,tdd,testes,True,,123,ok,1,0,340,166,32,3.59375,8,0.0,17.87996892427749
deepseek/run5/baseline,deepseek/deepseek-v4.1-flash,baseline,implementacao,True,,67,ok,1,0,128,94,5,10,30,20.0,30.19648002097334
deepseek/run5/baseline,deepseek/deepseek-v4.1-flash,baseline,testes,True,,67,ausente,0,0,,,,,,,
deepseek/run5/tdd,deepseek/deepseek-v4.1-flash,tdd,implementacao,True,,34,ok,1,0,139,104,11,3.8181818181818183,21,9.090909090909092,32.07919876919678
deepseek/run5/tdd,deepseek/deepseek-v4.1-flash,tdd,testes,True,,34,ok,1,0,164,136,16,5.9375,37,12.5,20.809302247161412
deepseek/run6/baseline,deepseek/deepseek-v4.1-flash,baseline,implementacao,True,,76,ok,1,0,213,142,14,4.642857142857143,29,7.142857142857143,29.663084395366617
deepseek/run6/baseline,deepseek/deepseek-v4.1-flash,baseline,testes,True,,76,ausente,0,0,,,,,,,
deepseek/run6/tdd,deepseek/deepseek-v4.1-flash,tdd,implementacao,True,,59,ok,1,0,144,107,10,4.6,20,10.0,30.668509829258564
deepseek/run6/tdd,deepseek/deepseek-v4.1-flash,tdd,testes,True,,59,ok,1,0,78,45,12,2.75,4,0.0,43.48581467701418
deepseek/run7/baseline,deepseek/deepseek-v4.1-flash,baseline,implementacao,True,,140,ok,1,0,146,138,10,5.5,30,10.0,25.23505033878158
deepseek/run7/baseline,deepseek/deepseek-v4.1-flash,baseline,testes,True,,140,ausente,0,0,,,,,,,
deepseek/run7/tdd,deepseek/deepseek-v4.1-flash,tdd,implementacao,True,,106,ok,1,0,141,166,7,5.428571428571429,20,14.285714285714286,28.203576765710878
deepseek/run7/tdd,deepseek/deepseek-v4.1-flash,tdd,testes,True,,106,ok,1,0,292,236,19,5.052631578947368,33,5.2631578947368425,15.432230717113356
deepseek/run8/baseline,deepseek/deepseek-v4.1-flash,baseline,implementacao,True,,132,ok,1,0,158,126,12,4.166666666666667,20,8.333333333333334,26.41590228338004
deepseek/run8/baseline,deepseek/deepseek-v4.1-flash,baseline,testes,True,,132,ausente,0,0,,,,,,,
deepseek/run8/tdd,deepseek/deepseek-v4.1-flash,tdd,implementacao,True,,37,ok,1,0,157,103,8,5.5,21,12.5,31.861047089418207
deepseek/run8/tdd,deepseek/deepseek-v4.1-flash,tdd,testes,True,,37,ok,2,0,113,82,15,3.2666666666666666,7,0.0,39.808724845618016
deepseek/run9/baseline,deepseek/deepseek-v4.1-flash,baseline,implementacao,True,,145,ok,1,0,157,182,8,6.375,21,12.5,23.61251522968352
deepseek/run9/baseline,deepseek/deepseek-v4.1-flash,baseline,testes,True,,145,ausente,0,0,,,,,,,
deepseek/run9/tdd,deepseek/deepseek-v4.1-flash,tdd,implementacao,True,,151,ok,1,0,217,162,8,7.375,26,12.5,21.859820942723836
deepseek/run9/tdd,deepseek/deepseek-v4.1-flash,tdd,testes,True,,151,ok,1,0,80,47,10,3.1,4,0.0,43.68834637149274
deepseek/run10/baseline,deepseek/deepseek-v4.1-flash,baseline,implementacao,True,,75,ok,1,0,157,150,7,5.571428571428571,20,14.285714285714286,29.670143160923413
deepseek/run10/baseline,deepseek/deepseek-v4.1-flash,baseline,testes,True,,75,ausente,0,0,,,,,,,
deepseek/run10/tdd,deepseek/deepseek-v4.1-flash,tdd,implementacao,True,,79,ok,1,0,158,102,6,8.333333333333334,26,16.666666666666668,29.519777840447983
deepseek/run10/tdd,deepseek/deepseek-v4.1-flash,tdd,testes,True,,79,ok,1,0,255,177,33,3.4545454545454546,25,3.0303030303030303,28.88995463602721
deepseek/run11/baseline,deepseek/deepseek-v4.1-flash,baseline,implementacao,True,,104,ok,1,0,163,127,11,4.545454545454546,22,9.090909090909092,28.26838834092054
deepseek/run11/baseline,deepseek/deepseek-v4.1-flash,baseline,testes,True,,104,ausente,0,0,,,,,,,
deepseek/run11/tdd,deepseek/deepseek-v4.1-flash,tdd,implementacao,True,,52,ok,1,0,160,105,8,5.375,24,12.5,31.07533055281518
deepseek/run11/tdd,deepseek/deepseek-v4.1-flash,tdd,testes,True,,52,ok,1,0,216,154,32,3.15625,26,3.125,27.791709566882012
deepseek/run12/baseline,deepseek/deepseek-v4.1-flash,baseline,implementacao,True,,22,ok,1,0,211,131,9,6.111111111111111,27,11.11111111111111,32.892697200914974
deepseek/run12/baseline,deepseek/deepseek-v4.1-flash,baseline,testes,True,,22,ausente,0,0,,,,,,,
deepseek/run12/tdd,deepseek/deepseek-v4.1-flash,tdd,implementacao,True,,27,ok,1,0,142,104,10,4.2,21,10.0,32.544283090945164
deepseek/run12/tdd,deepseek/deepseek-v4.1-flash,tdd,testes,True,,27,ok,3,0,221,164,32,3.40625,25,3.125,28.487886807490398
deepseek/run13/baseline,deepseek/deepseek-v4.1-flash,baseline,implementacao,True,,91,ok,1,0,144,109,10,4.9,21,10.0,29.1737005581057
deepseek/run13/baseline,deepseek/deepseek-v4.1-flash,baseline,testes,True,,91,ausente,0,0,,,,,,,
deepseek/run13/tdd,deepseek/deepseek-v4.1-flash,tdd,implementacao,True,,12,ok,1,0,234,143,10,4.7,21,10.0,35.00320456174419
deepseek/run13/tdd,deepseek/deepseek-v4.1-flash,tdd,testes,True,,12,ok,1,0,103,76,14,3.4285714285714284,6,0.0,35.23137926299695
deepseek/run14/baseline,deepseek/deepseek-v4.1-flash,baseline,implementacao,True,,138,ok,1,0,158,179,7,6.428571428571429,26,14.285714285714286,25.73595365625715
deepseek/run14/baseline,deepseek/deepseek-v4.1-flash,baseline,testes,True,,138,ausente,0,0,,,,,,,
deepseek/run14/tdd,deepseek/deepseek-v4.1-flash,tdd,implementacao,True,,80,ok,1,0,173,147,8,4.5,19,12.5,29.513132180179547
deepseek/run14/tdd,deepseek/deepseek-v4.1-flash,tdd,testes,True,,80,ok,3,0,209,129,28,2.892857142857143,7,0.0,35.21260340129284
deepseek/run15/baseline,deepseek/deepseek-v4.1-flash,baseline,implementacao,True,,98,ok,1,0,142,144,9,4.666666666666667,24,11.11111111111111,28.697575946157016
deepseek/run15/baseline,deepseek/deepseek-v4.1-flash,baseline,testes,True,,98,ausente,0,0,,,,,,,
deepseek/run15/tdd,deepseek/deepseek-v4.1-flash,tdd,implementacao,True,,114,ok,1,0,193,161,8,5.25,23,12.5,27.90949315176073
deepseek/run15/tdd,deepseek/deepseek-v4.1-flash,tdd,testes,True,,114,ok,2,0,298,246,38,3.6578947368421053,23,2.6315789473684212,17.289666874918698
deepseek/run16/baseline,deepseek/deepseek-v4.1-flash,baseline,implementacao,True,,102,ok,1,0,155,147,6,6.833333333333333,23,16.666666666666668,28.37478532352754
deepseek/run16/baseline,deepseek/deepseek-v4.1-flash,baseline,testes,True,,102,ausente,0,0,,,,,,,
deepseek/run16/tdd,deepseek/deepseek-v4.1-flash,tdd,implementacao,True,,124,ok,1,0,167,161,11,4.2727272727272725,22,9.090909090909092,26.96336616362147
deepseek/run16/tdd,deepseek/deepseek-v4.1-flash,tdd,testes,True,,124,ok,1,0,135,81,20,2.5,5,0.0,35.129641553447755
deepseek/run17/baseline,deepseek/deepseek-v4.1-flash,baseline,implementacao,True,,44,ok,1,0,152,115,10,4.3,21,10.0,31.388169161706763
deepseek/run17/baseline,deepseek/deepseek-v4.1-flash,baseline,testes,True,,44,ausente,0,0,,,,,,,
deepseek/run17/tdd,deepseek/deepseek-v4.1-flash,tdd,implementacao,True,,89,ok,1,0,189,131,10,4.6,21,10.0,29.217122947595026
deepseek/run17/tdd,deepseek/deepseek-v4.1-flash,tdd,testes,True,,89,ok,2,0,161,133,29,3.0344827586206895,24,3.4482758620689653,28.803143467187702
deepseek/run18/baseline,deepseek/deepseek-v4.1-flash,baseline,implementacao,True,,126,ok,1,0,139,132,10,5.2,25,10.0,26.64360390257871
deepseek/run18/baseline,deepseek/deepseek-v4.1-flash,baseline,testes,True,,126,ausente,0,0,,,,,,,
deepseek/run18/tdd,deepseek/deepseek-v4.1-flash,tdd,implementacao,True,,142,ok,1,0,180,153,12,4.5,25,8.333333333333334,24.670380744159313
deepseek/run18/tdd,deepseek/deepseek-v4.1-flash,tdd,testes,True,,142,ok,3,0,282,157,24,3.7916666666666665,14,4.166666666666667,30.41493374279701
deepseek/run19/baseline,deepseek/deepseek-v4.1-flash,baseline,implementacao,True,,32,ok,1,0,127,93,6,7.5,26,16.666666666666668,32.121593286513196
deepseek/run19/baseline,deepseek/deepseek-v4.1-flash,baseline,testes,True,,32,ausente,0,0,,,,,,,
deepseek/run19/tdd,deepseek/deepseek-v4.1-flash,tdd,implementacao,True,,30,ok,1,0,154,92,7,6.142857142857143,29,14.285714285714286,32.254715954938035
deepseek/run19/tdd,deepseek/deepseek-v4.1-flash,tdd,testes,True,,30,ok,1,0,233,142,18,4.5,25,5.555555555555555,22.785552205444638
deepseek/run20/baseline,deepseek/deepseek-v4.1-flash,baseline,implementacao,True,,105,ok,1,0,144,109,10,4.6,26,10.0,28.26675428468165
deepseek/run20/baseline,deepseek/deepseek-v4.1-flash,baseline,testes,True,,105,ausente,0,0,,,,,,,
deepseek/run20/tdd,deepseek/deepseek-v4.1-flash,tdd,implementacao,True,,101,ok,1,0,171,107,9,5,22,11.11111111111111,28.54162253142655
deepseek/run20/tdd,deepseek/deepseek-v4.1-flash,tdd,testes,True,,101,ok,3,0,252,161,38,2.6052631578947367,6,0.0,36.113378496796905
deepseek/run21/baseline,deepseek/deepseek-v4.1-flash,baseline,implementacao,True,,36,ok,1,0,144,110,11,4.090909090909091,22,9.090909090909092,31.898279852900345
deepseek/run21/baseline,deepseek/deepseek-v4.1-flash,baseline,testes,True,,36,ausente,0,0,,,,,,,
deepseek/run21/tdd,deepseek/deepseek-v4.1-flash,tdd,implementacao,True,,111,ok,1,0,152,113,10,4.6,20,10.0,28.084545311779436
deepseek/run21/tdd,deepseek/deepseek-v4.1-flash,tdd,testes,True,,111,ok,1,0,89,60,13,3,5,0.0,39.328027328757344
deepseek/run22/baseline,deepseek/deepseek-v4.1-flash,baseline,implementacao,True,,60,ok,1,0,142,109,9,5.444444444444445,23,11.11111111111111,30.627398196153838
deepseek/run22/baseline,deepseek/deepseek-v4.1-flash,baseline,testes,True,,60,ausente,0,0,,,,,,,
deepseek/run22/tdd,deepseek/deepseek-v4.1-flash,tdd,implementacao,True,,72,ok,1,0,171,115,12,4.083333333333333,21,8.333333333333334,29.874867260869063
deepseek/run22/tdd,deepseek/deepseek-v4.1-flash,tdd,testes,True,,72,ok,3,0,284,155,38,2.473684210526316,8,0.0,34.59554173031997
deepseek/run23/baseline,deepseek/deepseek-v4.1-flash,baseline,implementacao,True,,70,ok,1,0,138,101,8,5.875,21,12.5,29.963547833810065
deepseek/run23/baseline,deepseek/deepseek-v4.1-flash,baseline,testes,True,,70,ausente,0,0,,,,,,,
deepseek/run23/tdd,deepseek/deepseek-v4.1-flash,tdd,implementacao,True,,90,ok,1,0,164,128,11,4.2727272727272725,22,9.090909090909092,29.191177079331656
deepseek/run23/tdd,deepseek/deepseek-v4.1-flash,tdd,testes,True,,90,ok,2,0,218,134,27,3.2222222222222223,26,3.7037037037037037,29.70112973144503
deepseek/run24/baseline,deepseek/deepseek-v4.1-flash,baseline,implementacao,True,,78,ok,1,0,131,125,8,5.75,22,12.5,29.587937533115134
deepseek/run24/baseline,deepseek/deepseek-v4.1-flash,baseline,testes,True,,78,ausente,0,0,,,,,,,
deepseek/run24/tdd,deepseek/deepseek-v4.1-flash,tdd,implementacao,True,,51,ok,1,0,164,110,12,3.75,20,8.333333333333334,31.15237658037373
deepseek/run24/tdd,deepseek/deepseek-v4.1-flash,tdd,testes,True,,51,ok,1,0,132,68,17,2.764705882352941,6,0.0,36.93984250372123
deepseek/run25/baseline,deepseek/deepseek-v4.1-flash,baseline,implementacao,True,,141,ok,1,0,193,185,13,4,23,7.6923076923076925,24.931745382647886
deepseek/run25/baseline,deepseek/deepseek-v4.1-flash,baseline,testes,True,,141,ausente,0,0,,,,,,,
deepseek/run25/tdd,deepseek/deepseek-v4.1-flash,tdd,implementacao,True,,143,ok,1,0,153,132,12,4.666666666666667,26,8.333333333333334,24.40172361255552
deepseek/run25/tdd,deepseek/deepseek-v4.1-flash,tdd,testes,True,,143,ok,1,0,249,169,31,3.7419354838709675,23,3.225806451612903,17.131921225030222
deepseek/run26/baseline,deepseek/deepseek-v4.1-flash,baseline,implementacao,True,,152,ok,1,0,181,174,14,6.071428571428571,32,14.285714285714286,19.20608211680031
deepseek/run26/baseline,deepseek/deepseek-v4.1-flash,baseline,testes,True,,152,ausente,0,0,,,,,,,
deepseek/run26/tdd,deepseek/deepseek-v4.1-flash,tdd,implementacao,True,,13,ok,1,0,92,88,10,3.8,20,10.0,34.67721580794792
deepseek/run26/tdd,deepseek/deepseek-v4.1-flash,tdd,testes,True,,13,ok,2,0,122,88,19,3.1578947368421053,8,0.0,32.12322882533962
deepseek/run27/baseline,deepseek/deepseek-v4.1-flash,baseline,implementacao,True,,61,ok,1,0,148,114,9,5,25,11.11111111111111,30.586762116666623
deepseek/run27/baseline,deepseek/deepseek-v4.1-flash,baseline,testes,True,,61,ausente,0,0,,,,,,,
deepseek/run27/tdd,deepseek/deepseek-v4.1-flash,tdd,implementacao,True,,63,ok,1,0,160,100,10,3.8,20,10.0,30.438275303911254
deepseek/run27/tdd,deepseek/deepseek-v4.1-flash,tdd,testes,True,,63,ok,1,0,225,114,15,4.4,9,0.0,28.158491375196128
deepseek/run28/baseline,deepseek/deepseek-v4.1-flash,baseline,implementacao,True,,110,ok,1,0,153,146,7,6.285714285714286,24,14.285714285714286,28.13835248732126
deepseek/run28/baseline,deepseek/deepseek-v4.1-flash,baseline,testes,True,,110,ausente,0,0,,,,,,,
deepseek/run28/tdd,deepseek/deepseek-v4.1-flash,tdd,implementacao,False,etapas_sem_sucesso,,ok,1,0,137,102,9,4.777777777777778,21,11.11111111111111,32.16887833633222
deepseek/run28/tdd,deepseek/deepseek-v4.1-flash,tdd,testes,False,etapas_sem_sucesso,,erro_sintaxe,2,1,,,,,,,
deepseek/run29/baseline,deepseek/deepseek-v4.1-flash,baseline,implementacao,True,,100,ok,1,0,161,105,9,5.222222222222222,27,11.11111111111111,28.655167793065424
deepseek/run29/baseline,deepseek/deepseek-v4.1-flash,baseline,testes,True,,100,ausente,0,0,,,,,,,
deepseek/run29/tdd,deepseek/deepseek-v4.1-flash,tdd,implementacao,True,,115,ok,1,0,172,134,10,4.8,23,10.0,27.866393687477903
deepseek/run29/tdd,deepseek/deepseek-v4.1-flash,tdd,testes,True,,115,ok,1,0,142,113,23,3.391304347826087,23,4.3478260869565215,26.53903760474979
deepseek/run30/baseline,deepseek/deepseek-v4.1-flash,baseline,implementacao,True,,133,ok,1,0,161,188,8,5.375,22,12.5,26.385711792309092
deepseek/run30/baseline,deepseek/deepseek-v4.1-flash,baseline,testes,True,,133,ausente,0,0,,,,,,,
deepseek/run30/tdd,deepseek/deepseek-v4.1-flash,tdd,implementacao,True,,131,ok,1,0,178,142,14,3.4285714285714284,20,7.142857142857143,26.46244022143422
deepseek/run30/tdd,deepseek/deepseek-v4.1-flash,tdd,testes,True,,131,ok,1,0,214,151,28,3.4285714285714284,9,0.0,22.277162691518367
deepseek/run31/baseline,deepseek/deepseek-v4.1-flash,baseline,implementacao,True,,31,ok,1,0,135,98,8,5.125,23,12.5,32.14353803152698
deepseek/run31/baseline,deepseek/deepseek-v4.1-flash,baseline,testes,True,,31,ausente,0,0,,,,,,,
deepseek/run31/tdd,deepseek/deepseek-v4.1-flash,tdd,implementacao,True,,113,ok,1,0,263,131,14,3.5,21,7.142857142857143,27.98677398547994
deepseek/run31/tdd,deepseek/deepseek-v4.1-flash,tdd,testes,True,,113,ok,1,0,165,136,29,2.7241379310344827,13,3.4482758620689653,38.39789774333801
deepseek/run32/baseline,deepseek/deepseek-v4.1-flash,baseline,implementacao,True,,54,ok,1,0,117,109,6,7.5,26,16.666666666666668,30.92831826627162
deepseek/run32/baseline,deepseek/deepseek-v4.1-flash,baseline,testes,True,,54,ausente,0,0,,,,,,,
deepseek/run32/tdd,deepseek/deepseek-v4.1-flash,tdd,implementacao,True,,66,ok,1,0,206,110,11,4.636363636363637,27,9.090909090909092,30.287877387001387
deepseek/run32/tdd,deepseek/deepseek-v4.1-flash,tdd,testes,True,,66,ok,1,0,204,145,29,3.586206896551724,24,3.4482758620689653,21.642870303802482
deepseek/run33/baseline,deepseek/deepseek-v4.1-flash,baseline,implementacao,True,,128,ok,1,0,139,122,5,9.4,30,20.0,26.567089015723468
deepseek/run33/baseline,deepseek/deepseek-v4.1-flash,baseline,testes,True,,128,ausente,0,0,,,,,,,
deepseek/run33/tdd,deepseek/deepseek-v4.1-flash,tdd,implementacao,True,,82,ok,1,0,160,125,11,4.545454545454546,21,9.090909090909092,29.401363127234973
deepseek/run33/tdd,deepseek/deepseek-v4.1-flash,tdd,testes,True,,82,ok,1,0,273,198,32,4.09375,26,3.125,13.144005791496992
deepseek/run34/baseline,deepseek/deepseek-v4.1-flash,baseline,implementacao,True,,38,ok,1,0,143,99,6,6.833333333333333,25,16.666666666666668,31.77835182233569
deepseek/run34/baseline,deepseek/deepseek-v4.1-flash,baseline,testes,True,,38,ausente,0,0,,,,,,,
deepseek/run34/tdd,deepseek/deepseek-v4.1-flash,tdd,implementacao,True,,96,ok,1,0,159,104,9,5.111111111111111,22,11.11111111111111,28.89642436890648
deepseek/run34/tdd,deepseek/deepseek-v4.1-flash,tdd,testes,True,,96,ok,1,0,201,141,25,3.6,27,4.0,29.8846755525622
deepseek/run35/baseline,deepseek/deepseek-v4.1-flash,baseline,implementacao,True,,68,ok,1,0,140,105,6,8,25,16.666666666666668,30.095568972512883
deepseek/run35/baseline,deepseek/deepseek-v4.1-flash,baseline,testes,True,,68,ausente,0,0,,,,,,,
deepseek/run35/tdd,deepseek/deepseek-v4.1-flash,tdd,implementacao,True,,88,ok,1,0,162,122,14,3.5714285714285716,20,7.142857142857143,29.23676584278331
deepseek/run35/tdd,deepseek/deepseek-v4.1-flash,tdd,testes,True,,88,ok,3,0,136,83,17,2.8823529411764706,4,0.0,51.02077335371417
deepseek/run36/baseline,deepseek/deepseek-v4.1-flash,baseline,implementacao,True,,97,ok,1,0,200,124,10,5.5,20,10.0,28.72562764094534
deepseek/run36/baseline,deepseek/deepseek-v4.1-flash,baseline,testes,True,,97,ausente,0,0,,,,,,,
deepseek/run36/tdd,deepseek/deepseek-v4.1-flash,tdd,implementacao,True,,81,ok,1,0,212,133,9,5.111111111111111,23,11.11111111111111,29.484031610629835
deepseek/run36/tdd,deepseek/deepseek-v4.1-flash,tdd,testes,True,,81,ok,2,0,260,184,30,3.6666666666666665,22,3.3333333333333335,25.162612941549696
deepseek/run37/baseline,deepseek/deepseek-v4.1-flash,baseline,implementacao,True,,39,ok,1,0,137,96,8,5.75,23,12.5,31.703378889152408
deepseek/run37/baseline,deepseek/deepseek-v4.1-flash,baseline,testes,True,,39,ausente,0,0,,,,,,,
deepseek/run37/tdd,deepseek/deepseek-v4.1-flash,tdd,implementacao,True,,109,ok,1,0,159,126,11,4.7272727272727275,21,9.090909090909092,28.1459914941244
deepseek/run37/tdd,deepseek/deepseek-v4.1-flash,tdd,testes,True,,109,ok,1,0,273,161,32,3.3125,11,3.125,20.409800328378335
deepseek/run38/baseline,deepseek/deepseek-v4.1-flash,baseline,implementacao,True,,119,ok,1,0,175,117,10,5.7,31,10.0,27.67430123635277
deepseek/run38/baseline,deepseek/deepseek-v4.1-flash,baseline,testes,True,,119,ausente,0,0,,,,,,,
deepseek/run38/tdd,deepseek/deepseek-v4.1-flash,tdd,implementacao,True,,84,ok,1,0,196,124,12,4.416666666666667,20,8.333333333333334,29.32322494536654
deepseek/run38/tdd,deepseek/deepseek-v4.1-flash,tdd,testes,True,,84,ok,3,0,338,203,38,3.736842105263158,24,5.2631578947368425,23.277391504797848
deepseek/run39/baseline,deepseek/deepseek-v4.1-flash,baseline,implementacao,True,,56,ok,1,0,137,101,9,5.666666666666667,24,11.11111111111111,30.84298994452258
deepseek/run39/baseline,deepseek/deepseek-v4.1-flash,baseline,testes,True,,56,ausente,0,0,,,,,,,
deepseek/run39/tdd,deepseek/deepseek-v4.1-flash,tdd,implementacao,True,,77,ok,1,0,156,120,16,3.3125,24,6.25,29.64505610027609
deepseek/run39/tdd,deepseek/deepseek-v4.1-flash,tdd,testes,True,,77,ok,1,0,170,120,18,3.5555555555555554,8,0.0,27.87607368085842
deepseek/run40/baseline,deepseek/deepseek-v4.1-flash,baseline,implementacao,True,,57,ok,1,0,141,101,11,4.454545454545454,22,9.090909090909092,30.741025759698868
deepseek/run40/baseline,deepseek/deepseek-v4.1-flash,baseline,testes,True,,57,ausente,0,0,,,,,,,
deepseek/run40/tdd,deepseek/deepseek-v4.1-flash,tdd,implementacao,True,,2,ok,1,0,179,120,13,4,24,7.6923076923076925,43.635794007402446
deepseek/run40/tdd,deepseek/deepseek-v4.1-flash,tdd,testes,True,,2,ok,1,0,94,65,12,3.5,10,0.0,37.472397588288494
deepseek/run41/baseline,deepseek/deepseek-v4.1-flash,baseline,implementacao,True,,74,ok,1,0,148,113,8,6.125,28,12.5,29.77440707988226
deepseek/run41/baseline,deepseek/deepseek-v4.1-flash,baseline,testes,True,,74,ausente,0,0,,,,,,,
deepseek/run41/tdd,deepseek/deepseek-v4.1-flash,tdd,implementacao,True,,121,ok,1,0,161,128,12,4.75,31,8.333333333333334,27.437408579972
deepseek/run41/tdd,deepseek/deepseek-v4.1-flash,tdd,testes,True,,121,ok,1,0,233,178,29,2.7586206896551726,8,0.0,36.6839283588428
deepseek/run42/baseline,deepseek/deepseek-v4.1-flash,baseline,implementacao,True,,93,ok,1,0,132,131,3,14.333333333333334,39,33.333333333333336,28.992455696116007
deepseek/run42/baseline,deepseek/deepseek-v4.1-flash,baseline,testes,True,,93,ausente,0,0,,,,,,,
deepseek/run42/tdd,deepseek/deepseek-v4.1-flash,tdd,implementacao,True,,45,ok,1,0,148,110,15,3.2,20,6.666666666666667,31.374009814977676
deepseek/run42/tdd,deepseek/deepseek-v4.1-flash,tdd,testes,True,,45,ok,1,0,200,162,25,2.84,9,0.0,25.139265517084002
deepseek/run43/baseline,deepseek/deepseek-v4.1-flash,baseline,implementacao,True,,19,ok,1,0,123,85,7,6,23,14.285714285714286,33.60343962126593
deepseek/run43/baseline,deepseek/deepseek-v4.1-flash,baseline,testes,True,,19,ausente,0,0,,,,,,,
deepseek/run43/tdd,deepseek/deepseek-v4.1-flash,tdd,implementacao,True,,41,ok,1,0,165,99,8,5.75,30,12.5,31.661289251985288
deepseek/run43/tdd,deepseek/deepseek-v4.1-flash,tdd,testes,True,,41,ok,1,0,193,168,21,4.190476190476191,28,4.761904761904762,20.116115595221643
deepseek/run44/baseline,deepseek/deepseek-v4.1-flash,baseline,implementacao,True,,53,ok,1,0,157,97,10,5,32,10.0,30.929322733451343
deepseek/run44/baseline,deepseek/deepseek-v4.1-flash,baseline,testes,True,,53,ausente,0,0,,,,,,,
deepseek/run44/tdd,deepseek/deepseek-v4.1-flash,tdd,implementacao,True,,33,ok,1,0,142,106,10,4.2,20,10.0,32.08364936993662
deepseek/run44/tdd,deepseek/deepseek-v4.1-flash,tdd,testes,True,,33,ok,1,0,245,183,35,3.2857142857142856,23,2.857142857142857,17.213475796364687
deepseek/run45/baseline,deepseek/deepseek-v4.1-flash,baseline,implementacao,True,,10,ok,1,0,169,181,7,6.857142857142857,25,14.285714285714286,35.64410059130652
deepseek/run45/baseline,deepseek/deepseek-v4.1-flash,baseline,testes,True,,10,ausente,0,0,,,,,,,
deepseek/run45/tdd,deepseek/deepseek-v4.1-flash,tdd,implementacao,True,,86,ok,1,0,192,121,15,3.7333333333333334,23,6.666666666666667,29.261541551510323
deepseek/run45/tdd,deepseek/deepseek-v4.1-flash,tdd,testes,True,,86,ok,1,0,165,137,20,3.45,21,5.0,25.77733138003563
deepseek/run46/baseline,deepseek/deepseek-v4.1-flash,baseline,implementacao,True,,7,ok,1,0,138,104,10,4.7,24,10.0,36.661752995381086
deepseek/run46/baseline,deepseek/deepseek-v4.1-flash,baseline,testes,True,,7,ausente,0,0,,,,,,,
deepseek/run46/tdd,deepseek/deepseek-v4.1-flash,tdd,implementacao,True,,40,ok,1,0,172,111,13,3.4615384615384617,20,7.6923076923076925,31.701517392397278
deepseek/run46/tdd,deepseek/deepseek-v4.1-flash,tdd,testes,True,,40,ok,1,0,221,132,20,3.45,13,5.0,26.076677498114957
deepseek/run47/baseline,deepseek/deepseek-v4.1-flash,baseline,implementacao,True,,24,ok,1,0,176,93,8,5.625,21,12.5,32.71215147366366
deepseek/run47/baseline,deepseek/deepseek-v4.1-flash,baseline,testes,True,,24,ausente,0,0,,,,,,,
deepseek/run47/tdd,deepseek/deepseek-v4.1-flash,tdd,implementacao,True,,29,ok,1,0,140,97,10,4.2,23,10.0,32.36573883846994
deepseek/run47/tdd,deepseek/deepseek-v4.1-flash,tdd,testes,True,,29,ok,1,0,236,159,30,3.2666666666666666,25,3.3333333333333335,29.53736041738215
deepseek/run48/baseline,deepseek/deepseek-v4.1-flash,baseline,implementacao,True,,134,ok,1,0,153,146,10,5.2,25,10.0,26.313168182434865
deepseek/run48/baseline,deepseek/deepseek-v4.1-flash,baseline,testes,True,,134,ausente,0,0,,,,,,,
deepseek/run48/tdd,deepseek/deepseek-v4.1-flash,tdd,implementacao,True,,48,ok,1,0,173,112,13,3.6153846153846154,19,7.6923076923076925,31.271740318899898
deepseek/run48/tdd,deepseek/deepseek-v4.1-flash,tdd,testes,True,,48,ok,1,0,231,171,27,3.5185185185185186,28,3.7037037037037037,26.726992016514057
deepseek/run49/baseline,deepseek/deepseek-v4.1-flash,baseline,implementacao,True,,122,ok,1,0,151,116,11,4.363636363636363,23,9.090909090909092,27.354261182501606
deepseek/run49/baseline,deepseek/deepseek-v4.1-flash,baseline,testes,True,,122,ausente,0,0,,,,,,,
deepseek/run49/tdd,deepseek/deepseek-v4.1-flash,tdd,implementacao,True,,92,ok,1,0,164,102,9,4.777777777777778,23,11.11111111111111,29.149235301933505
deepseek/run49/tdd,deepseek/deepseek-v4.1-flash,tdd,testes,True,,92,ok,1,0,227,157,24,3.4166666666666665,24,4.166666666666667,29.462166655753585
deepseek/run50/baseline,deepseek/deepseek-v4.1-flash,baseline,implementacao,True,,129,ok,1,0,173,141,13,4.153846153846154,25,7.6923076923076925,26.526460291951405
deepseek/run50/baseline,deepseek/deepseek-v4.1-flash,baseline,testes,True,,129,ausente,0,0,,,,,,,
deepseek/run50/tdd,deepseek/deepseek-v4.1-flash,tdd,implementacao,True,,83,ok,1,0,148,154,6,6.333333333333333,21,16.666666666666668,29.391913614610274
deepseek/run50/tdd,deepseek/deepseek-v4.1-flash,tdd,testes,True,,83,ok,1,0,166,138,22,3.227272727272727,17,4.545454545454546,25.770682313566365
glm/run1/baseline,z-ai/glm-5.3,baseline,implementacao,True,,55,ok,1,0,117,119,6,6.166666666666667,17,33.333333333333336,30.852618418177748
glm/run1/baseline,z-ai/glm-5.3,baseline,testes,True,,55,ausente,0,0,,,,,,,
glm/run1/tdd,z-ai/glm-5.3,tdd,implementacao,True,,65,ok,1,0,150,141,7,4.714285714285714,15,14.285714285714286,30.34640768880749
glm/run1/tdd,z-ai/glm-5.3,tdd,testes,True,,65,ok,4,0,401,225,44,2.7045454545454546,9,0.0,24.849166770785736
glm/run2/baseline,z-ai/glm-5.3,baseline,implementacao,False,ausente,,ausente,0,0,,,,,,,
glm/run2/baseline,z-ai/glm-5.3,baseline,testes,False,ausente,,ausente,0,0,,,,,,,
glm/run2/tdd,z-ai/glm-5.3,tdd,implementacao,False,erro_sintaxe,,erro_sintaxe,4,1,,,,,,,
glm/run2/tdd,z-ai/glm-5.3,tdd,testes,False,erro_sintaxe,,ausente,0,0,,,,,,,
glm/run3/baseline,z-ai/glm-5.3,baseline,implementacao,False,ausente,,ausente,0,0,,,,,,,
glm/run3/baseline,z-ai/glm-5.3,baseline,testes,False,ausente,,ausente,0,0,,,,,,,
glm/run3/tdd,z-ai/glm-5.3,tdd,implementacao,False,etapas_sem_sucesso,,ok,1,0,149,123,10,4.4,15,10.0,29.11487365154037
glm/run3/tdd,z-ai/glm-5.3,tdd,testes,False,etapas_sem_sucesso,,erro_sintaxe,1,1,,,,,,,
glm/run4/baseline,z-ai/glm-5.3,baseline,implementacao,True,,1,ok,1,0,67,90,3,3.3333333333333335,8,0.0,53.00027925432542
glm/run4/baseline,z-ai/glm-5.3,baseline,testes,True,,1,ausente,0,0,,,,,,,
glm/run4/tdd,z-ai/glm-5.3,tdd,implementacao,True,,23,ok,1,0,134,96,6,6.666666666666667,27,16.666666666666668,32.83077239908448
glm/run4/tdd,z-ai/glm-5.3,tdd,testes,True,,23,ok,1,0,444,254,40,3.825,23,5.0,19.394081707597078
glm/run5/baseline,z-ai/glm-5.3,baseline,implementacao,True,,127,ok,1,0,227,175,6,6.666666666666667,17,16.666666666666668,26.569654947378343
glm/run5/baseline,z-ai/glm-5.3,baseline,testes,True,,127,ausente,0,0,,,,,,,
glm/run5/tdd,z-ai/glm-5.3,tdd,implementacao,True,,130,ok,1,0,181,177,12,3.8333333333333335,20,8.333333333333334,26.52100124761178
glm/run5/tdd,z-ai/glm-5.3,tdd,testes,True,,130,ok,3,0,338,216,39,3.230769230769231,9,0.0,29.738317710488662
glm/run6/baseline,z-ai/glm-5.3,baseline,implementacao,True,,136,ok,1,0,150,147,5,8,24,20.0,25.94842652299195
glm/run6/baseline,z-ai/glm-5.3,baseline,testes,True,,136,ausente,0,0,,,,,,,
glm/run6/tdd,z-ai/glm-5.3,tdd,implementacao,True,,25,ok,1,0,165,120,15,3.2,22,6.666666666666667,32.57348034452165
glm/run6/tdd,z-ai/glm-5.3,tdd,testes,True,,25,ok,2,0,88,35,7,2.142857142857143,3,0.0,56.73667736544851
glm/run7/baseline,z-ai/glm-5.3,baseline,implementacao,False,ausente,,ausente,0,0,,,,,,,
glm/run7/baseline,z-ai/glm-5.3,baseline,testes,False,ausente,,ausente,0,0,,,,,,,
glm/run7/tdd,z-ai/glm-5.3,tdd,implementacao,False,etapas_sem_sucesso,,ok,3,0,219,136,15,4.133333333333334,13,6.666666666666667,24.780881399563334
glm/run7/tdd,z-ai/glm-5.3,tdd,testes,False,etapas_sem_sucesso,,erro_sintaxe,1,1,,,,,,,
glm/run8/baseline,z-ai/glm-5.3,baseline,implementacao,False,ausente,,ausente,0,0,,,,,,,
glm/run8/baseline,z-ai/glm-5.3,baseline,testes,False,ausente,,ausente,0,0,,,,,,,
glm/run8/tdd,z-ai/glm-5.3,tdd,implementacao,False,etapas_sem_sucesso,,ok,1,0,217,242,14,4.5,21,14.285714285714286,19.873762368542256
glm/run8/tdd,z-ai/glm-5.3,tdd,testes,False,etapas_sem_sucesso,,ok,1,0,321,239,37,4.1891891891891895,28,2.7027027027027026,17.419836638822602
glm/run9/baseline,z-ai/glm-5.3,baseline,implementacao,True,,87,ok,1,0,158,151,5,6.4,15,20.0,29.242186867394082
glm/run9/baseline,z-ai/glm-5.3,baseline,testes,True,,87,ausente,0,0,,,,,,,
glm/run9/tdd,z-ai/glm-5.3,tdd,implementacao,True,,99,ok,1,0,154,149,7,5.142857142857143,18,14.285714285714286,28.67690348773328
glm/run9/tdd,z-ai/glm-5.3,tdd,testes,True,,99,ok,3,0,400,215,47,2.6382978723404253,6,0.0,33.737911495552595
glm/run10/baseline,z-ai/glm-5.3,baseline,implementacao,True,sem_pagina,,ok,1,0,68,81,14,1.1428571428571428,2,0.0,62.38436324745149
glm/run10/baseline,z-ai/glm-5.3,baseline,testes,True,sem_pagina,,ausente,0,0,,,,,,,
glm/run10/tdd,z-ai/glm-5.3,tdd,implementacao,False,etapas_sem_sucesso,,ok,1,0,138,98,6,5,15,16.666666666666668,32.0993782191671
glm/run10/tdd,z-ai/glm-5.3,tdd,testes,False,etapas_sem_sucesso,,ok,3,0,265,180,28,3.9642857142857144,24,3.5714285714285716,25.939317625207995
glm/run11/baseline,z-ai/glm-5.3,baseline,implementacao,True,,69,ok,1,0,145,108,9,5.666666666666667,25,11.11111111111111,30.077939574670385
glm/run11/baseline,z-ai/glm-5.3,baseline,testes,True,,69,ausente,0,0,,,,,,,
glm/run11/tdd,z-ai/glm-5.3,tdd,implementacao,False,ausente,,ausente,0,0,,,,,,,
glm/run11/tdd,z-ai/glm-5.3,tdd,testes,False,ausente,,ok,7,0,319,211,47,2.425531914893617,5,0.0,37.867638813221554
glm/run12/baseline,z-ai/glm-5.3,baseline,implementacao,True,sem_funcao,,ok,1,0,1,1,0,,,,100.0
glm/run12/baseline,z-ai/glm-5.3,baseline,testes,True,sem_funcao,,ausente,0,0,,,,,,,
glm/run12/tdd,z-ai/glm-5.3,tdd,implementacao,True,,139,ok,1,0,188,160,8,6,23,12.5,25.714695354883435
glm/run12/tdd,z-ai/glm-5.3,tdd,testes,True,,139,ok,3,0,334,222,40,2.65,7,0.0,28.499091270114516
glm/run13/baseline,z-ai/glm-5.3,baseline,implementacao,True,,8,ok,1,0,114,155,5,5.2,13,20.0,36.2527184833988
glm/run13/baseline,z-ai/glm-5.3,baseline,testes,True,,8,ausente,0,0,,,,,,,
glm/run13/tdd,z-ai/glm-5.3,tdd,implementacao,False,etapas_sem_sucesso,,ok,1,0,156,106,7,6.285714285714286,16,14.285714285714286,30.2968908239619
glm/run13/tdd,z-ai/glm-5.3,tdd,testes,False,etapas_sem_sucesso,,erro_sintaxe,1,1,,,,,,,
glm/run14/baseline,z-ai/glm-5.3,baseline,implementacao,True,,58,ok,1,0,170,145,12,3.5,9,0.0,30.682143180958015
glm/run14/baseline,z-ai/glm-5.3,baseline,testes,True,,58,ok,1,0,49,50,9,3.111111111111111,4,0.0,42.84977983174505
glm/run14/tdd,z-ai/glm-5.3,tdd,implementacao,False,etapas_sem_sucesso,,ok,1,0,211,199,13,4,24,7.6923076923076925,38.828110419932514
glm/run14/tdd,z-ai/glm-5.3,tdd,testes,False,etapas_sem_sucesso,,ok,1,0,340,218,41,3.4146341463414633,10,0.0,26.10520840339422
glm/run15/baseline,z-ai/glm-5.3,baseline,implementacao,True,,35,ok,1,0,151,95,7,7,20,14.285714285714286,32.07053268621445
glm/run15/baseline,z-ai/glm-5.3,baseline,testes,True,,35,ausente,0,0,,,,,,,
glm/run15/tdd,z-ai/glm-5.3,tdd,implementacao,False,etapas_sem_sucesso,,ok,1,0,151,120,10,6.1,32,10.0,23.70083808770536
glm/run15/tdd,z-ai/glm-5.3,tdd,testes,False,etapas_sem_sucesso,,ok,1,0,417,307,52,3.6923076923076925,24,1.9230769230769231,1.5749103434361558
glm/run16/baseline,z-ai/glm-5.3,baseline,implementacao,True,sem_pagina,,ok,1,0,155,149,4,8,19,25.0,30.008582964830467
glm/run16/baseline,z-ai/glm-5.3,baseline,testes,True,sem_pagina,,ok,1,0,136,102,17,2.7058823529411766,9,0.0,33.3976525348739
glm/run16/tdd,z-ai/glm-5.3,tdd,implementacao,False,etapas_sem_sucesso,,ok,1,0,0,0,0,,,,100.0
glm/run16/tdd,z-ai/glm-5.3,tdd,testes,False,etapas_sem_sucesso,,ok,1,0,268,207,29,3.793103448275862,25,3.4482758620689653,15.723246577473716
glm/run17/baseline,z-ai/glm-5.3,baseline,implementacao,True,,9,ok,1,0,161,153,5,8.6,32,20.0,35.72956249287951
glm/run17/baseline,z-ai/glm-5.3,baseline,testes,True,,9,ausente,0,0,,,,,,,
glm/run17/tdd,z-ai/glm-5.3,tdd,implementacao,False,erro_sintaxe,,erro_sintaxe,1,1,,,,,,,
glm/run17/tdd,z-ai/glm-5.3,tdd,testes,False,erro_sintaxe,,ok,1,0,310,227,39,3.9743589743589745,25,2.5641025641025643,20.835811628198226
glm/run18/baseline,z-ai/glm-5.3,baseline,implementacao,True,sem_funcao,,ok,1,0,1,1,0,,,,100.0
glm/run18/baseline,z-ai/glm-5.3,baseline,testes,True,sem_funcao,,ausente,0,0,,,,,,,
glm/run18/tdd,z-ai/glm-5.3,tdd,implementacao,False,etapas_sem_sucesso,,ok,2,0,253,227,18,5.5,22,16.666666666666668,25.521147943085808
glm/run18/tdd,z-ai/glm-5.3,tdd,testes,False,etapas_sem_sucesso,,ok,1,0,129,130,29,2.9310344827586206,6,0.0,24.10159042092842
glm/run19/baseline,z-ai/glm-5.3,baseline,implementacao,True,,15,ok,1,0,124,94,8,4.5,13,12.5,34.127749268013375
glm/run19/baseline,z-ai/glm-5.3,baseline,testes,True,,15,ausente,0,0,,,,,,,
glm/run19/tdd,z-ai/glm-5.3,tdd,implementacao,True,,85,ok,1,0,147,113,12,4.25,25,8.333333333333334,29.30516117141829
glm/run19/tdd,z-ai/glm-5.3,tdd,testes,True,,85,ok,3,0,360,297,49,3.2653061224489797,9,0.0,31.135962772193327
glm/run20/baseline,z-ai/glm-5.3,baseline,implementacao,True,,11,ok,1,0,139,134,3,11,26,33.333333333333336,35.06726856247899
glm/run20/baseline,z-ai/glm-5.3,baseline,testes,True,,11,ausente,0,0,,,,,,,
glm/run20/tdd,z-ai/glm-5.3,tdd,implementacao,False,etapas_sem_sucesso,,ok,2,0,136,128,6,9.166666666666666,35,16.666666666666668,29.173076408189498
glm/run20/tdd,z-ai/glm-5.3,tdd,testes,False,etapas_sem_sucesso,,ok,1,0,109,58,5,7.2,21,20.0,38.25945554665866
glm/run21/baseline,z-ai/glm-5.3,baseline,implementacao,True,,4,ok,1,0,61,92,3,4,7,0.0,40.20904454203661
glm/run21/baseline,z-ai/glm-5.3,baseline,testes,True,,4,ausente,0,0,,,,,,,
glm/run21/tdd,z-ai/glm-5.3,tdd,implementacao,True,,94,ok,1,0,154,107,14,3.2857142857142856,23,7.142857142857143,28.948995397292066
glm/run21/tdd,z-ai/glm-5.3,tdd,testes,True,,94,ok,1,0,387,249,44,3.5454545454545454,25,2.272727272727273,9.212722680603246
glm/run22/baseline,z-ai/glm-5.3,baseline,implementacao,True,erro_sintaxe,,erro_sintaxe,1,1,,,,,,,
glm/run22/baseline,z-ai/glm-5.3,baseline,testes,True,erro_sintaxe,,ausente,0,0,,,,,,,
glm/run22/tdd,z-ai/glm-5.3,tdd,implementacao,True,,107,ok,1,0,168,147,5,8,24,20.0,28.195757612497477
glm/run22/tdd,z-ai/glm-5.3,tdd,testes,True,,107,ok,2,0,38,11,2,1,1,0.0,100.0
glm/run23/baseline,z-ai/glm-5.3,baseline,implementacao,True,,42,ok,1,0,130,133,4,7.25,19,25.0,31.578586005434687
glm/run23/baseline,z-ai/glm-5.3,baseline,testes,True,,42,ausente,0,0,,,,,,,
glm/run23/tdd,z-ai/glm-5.3,tdd,implementacao,True,,103,ok,2,0,153,158,11,5.181818181818182,25,9.090909090909092,28.293101477630852
glm/run23/tdd,z-ai/glm-5.3,tdd,testes,True,,103,ok,4,0,356,270,47,3,9,0.0,35.621221178009655
glm/run24/baseline,z-ai/glm-5.3,baseline,implementacao,True,,5,ok,1,0,164,191,8,6.625,22,12.5,39.65230700340981
glm/run24/baseline,z-ai/glm-5.3,baseline,testes,True,,5,ausente,0,0,,,,,,,
glm/run24/tdd,z-ai/glm-5.3,tdd,implementacao,False,etapas_sem_sucesso,,ok,1,0,171,137,7,5.142857142857143,16,14.285714285714286,29.601452628963234
glm/run24/tdd,z-ai/glm-5.3,tdd,testes,False,etapas_sem_sucesso,,ok,1,0,212,140,30,2.966666666666667,10,0.0,24.235647075705355
glm/run25/baseline,z-ai/glm-5.3,baseline,implementacao,True,,120,ok,1,0,140,135,5,8.8,26,20.0,27.467804223910978
glm/run25/baseline,z-ai/glm-5.3,baseline,testes,True,,120,ausente,0,0,,,,,,,
glm/run25/tdd,z-ai/glm-5.3,tdd,implementacao,False,etapas_sem_sucesso,,ok,1,0,194,202,10,5.8,30,10.0,22.47094314543363
glm/run25/tdd,z-ai/glm-5.3,tdd,testes,False,etapas_sem_sucesso,,ok,4,0,439,245,46,2.9782608695652173,8,0.0,32.92739490425636
glm/run26/baseline,z-ai/glm-5.3,baseline,implementacao,True,,112,ok,1,0,131,159,4,6.75,14,25.0,28.000259612899796
glm/run26/baseline,z-ai/glm-5.3,baseline,testes,True,,112,ausente,0,0,,,,,,,
glm/run26/tdd,z-ai/glm-5.3,tdd,implementacao,False,etapas_sem_sucesso,,ok,2,0,169,156,7,6.285714285714286,25,14.285714285714286,26.347691310389717
glm/run26/tdd,z-ai/glm-5.3,tdd,testes,False,etapas_sem_sucesso,,ok,1,0,365,294,58,2.9655172413793105,7,0.0,10.177492837283873
glm/run27/baseline,z-ai/glm-5.3,baseline,implementacao,True,,148,ok,1,0,187,210,8,6.125,25,12.5,22.76830207471483
glm/run27/baseline,z-ai/glm-5.3,baseline,testes,True,,148,ausente,0,0,,,,,,,
glm/run27/tdd,z-ai/glm-5.3,tdd,implementacao,True,,144,ok,1,0,163,149,10,5.9,28,10.0,23.6532340755881
glm/run27/tdd,z-ai/glm-5.3,tdd,testes,True,,144,ok,1,0,194,128,27,2.6666666666666665,5,0.0,23.477313944123036
glm/run28/baseline,z-ai/glm-5.3,baseline,implementacao,True,,3,ok,1,0,115,82,4,7,20,25.0,43.422028352892106
glm/run28/baseline,z-ai/glm-5.3,baseline,testes,True,,3,ausente,0,0,,,,,,,
glm/run28/tdd,z-ai/glm-5.3,tdd,implementacao,False,etapas_sem_sucesso,,ok,5,0,237,202,11,6.909090909090909,25,18.181818181818183,31.550396512012924
glm/run28/tdd,z-ai/glm-5.3,tdd,testes,False,etapas_sem_sucesso,,ok,1,0,0,0,0,,,,100.0
glm/run29/baseline,z-ai/glm-5.3,baseline,implementacao,True,,26,ok,1,0,121,95,6,5.5,15,16.666666666666668,32.563352570345295
glm/run29/baseline,z-ai/glm-5.3,baseline,testes,True,,26,ausente,0,0,,,,,,,
glm/run29/tdd,z-ai/glm-5.3,tdd,implementacao,False,etapas_sem_sucesso,,ok,1,0,164,166,11,4.2727272727272725,18,9.090909090909092,30.614384259941012
glm/run29/tdd,z-ai/glm-5.3,tdd,testes,False,etapas_sem_sucesso,,ok,1,0,389,294,58,2.6724137931034484,6,0.0,23.527547472062004
glm/run30/baseline,z-ai/glm-5.3,baseline,implementacao,True,sem_funcao,,ok,1,0,1,1,0,,,,100.0
glm/run30/baseline,z-ai/glm-5.3,baseline,testes,True,sem_funcao,,ausente,0,0,,,,,,,
glm/run30/tdd,z-ai/glm-5.3,tdd,implementacao,True,,135,ok,1,0,167,161,9,5.333333333333333,21,11.11111111111111,25.987429562744516
glm/run30/tdd,z-ai/glm-5.3,tdd,testes,True,,135,ok,2,0,174,147,29,3.310344827586207,20,3.4482758620689653,24.578956319195843
glm/run31/baseline,z-ai/glm-5.3,baseline,implementacao,True,sem_pagina,,ok,1,0,178,113,10,5.1,24,10.0,34.008049827998164
glm/run31/baseline,z-ai/glm-5.3,baseline,testes,True,sem_pagina,,ausente,0,0,,,,,,,
glm/run31/tdd,z-ai/glm-5.3,tdd,implementacao,True,,47,ok,1,0,147,98,8,5.625,22,12.5,31.33146137469535
glm/run31/tdd,z-ai/glm-5.3,tdd,testes,True,,47,ok,1,0,293,217,25,4.84,26,4.0,12.964027220126077
glm/run32/baseline,z-ai/glm-5.3,baseline,implementacao,True,,125,ok,1,0,158,154,7,6.142857142857143,24,14.285714285714286,26.672090400629468
glm/run32/baseline,z-ai/glm-5.3,baseline,testes,True,,125,ausente,0,0,,,,,,,
glm/run32/tdd,z-ai/glm-5.3,tdd,implementacao,False,etapas_sem_sucesso,,ok,3,0,235,227,12,6.083333333333333,23,16.666666666666668,29.98502586395347
glm/run32/tdd,z-ai/glm-5.3,tdd,testes,False,etapas_sem_sucesso,,ok,5,0,313,225,39,3.076923076923077,23,2.5641025641025643,36.082560419424816
glm/run33/baseline,z-ai/glm-5.3,baseline,implementacao,True,sem_funcao,,ok,1,0,1,1,0,,,,100.0
glm/run33/baseline,z-ai/glm-5.3,baseline,testes,True,sem_funcao,,ausente,0,0,,,,,,,
glm/run33/tdd,z-ai/glm-5.3,tdd,implementacao,True,,146,ok,1,0,167,159,7,7.571428571428571,29,14.285714285714286,23.560081666373
glm/run33/tdd,z-ai/glm-5.3,tdd,testes,True,,146,ok,1,0,272,191,24,4.25,28,4.166666666666667,20.9196984652616
glm/run34/baseline,z-ai/glm-5.3,baseline,implementacao,True,,20,ok,1,0,162,189,6,9.666666666666666,34,16.666666666666668,33.49427887356097
glm/run34/baseline,z-ai/glm-5.3,baseline,testes,True,,20,ausente,0,0,,,,,,,
glm/run34/tdd,z-ai/glm-5.3,tdd,implementacao,True,,64,ok,1,0,167,110,12,4.083333333333333,22,8.333333333333334,30.368967572248277
glm/run34/tdd,z-ai/glm-5.3,tdd,testes,True,,64,ok,5,0,449,348,66,3.3636363636363638,9,0.0,25.69190133788682
glm/run35/baseline,z-ai/glm-5.3,baseline,implementacao,True,sem_funcao,,ok,1,0,1,1,0,,,,100.0
glm/run35/baseline,z-ai/glm-5.3,baseline,testes,True,sem_funcao,,ausente,0,0,,,,,,,
glm/run35/tdd,z-ai/glm-5.3,tdd,implementacao,False,etapas_sem_sucesso,,ok,2,0,208,131,13,4.923076923076923,23,7.6923076923076925,26.832276665633337
glm/run35/tdd,z-ai/glm-5.3,tdd,testes,False,etapas_sem_sucesso,,ok,1,0,1,1,0,,,,100.0
glm/run36/baseline,z-ai/glm-5.3,baseline,implementacao,True,sem_funcao,,ok,1,0,8,8,0,,,,100.0
glm/run36/baseline,z-ai/glm-5.3,baseline,testes,True,sem_funcao,,ausente,0,0,,,,,,,
glm/run36/tdd,z-ai/glm-5.3,tdd,implementacao,True,,14,ok,1,0,152,94,10,3.5,13,10.0,34.28539386771412
glm/run36/tdd,z-ai/glm-5.3,tdd,testes,True,,14,ok,1,0,278,214,26,3.5384615384615383,22,3.8461538461538463,18.356039632941904
glm/run37/baseline,z-ai/glm-5.3,baseline,implementacao,True,ausente,,ausente,0,0,,,,,,,
glm/run37/baseline,z-ai/glm-5.3,baseline,testes,True,ausente,,ausente,0,0,,,,,,,
glm/run37/tdd,z-ai/glm-5.3,tdd,implementacao,False,etapas_sem_sucesso,,ok,1,0,165,112,11,4.363636363636363,23,9.090909090909092,30.025701914936757
glm/run37/tdd,z-ai/glm-5.3,tdd,testes,False,etapas_sem_sucesso,,erro_sintaxe,1,1,,,,,,,
glm/run38/baseline,z-ai/glm-5.3,baseline,implementacao,True,sem_funcao,,ok,1,0,1,1,0,,,,100.0
glm/run38/baseline,z-ai/glm-5.3,baseline,testes,True,sem_funcao,,ausente,0,0,,,,,,,
glm/run38/tdd,z-ai/glm-5.3,tdd,implementacao,True,,49,ok,1,0,137,103,9,4.777777777777778,24,11.11111111111111,31.21982939328499
glm/run38/tdd,z-ai/glm-5.3,tdd,testes,True,,49,ok,1,0,251,169,26,4,25,3.8461538461538463,18.662886963032918
glm/run39/baseline,z-ai/glm-5.3,baseline,implementacao,True,,149,ok,1,0,166,170,6,10,40,16.666666666666668,22.386567382817923
glm/run39/baseline,z-ai/glm-5.3,baseline,testes,True,,149,ok,1,0,99,67,10,3.4,8,0.0,38.694197976574564
glm/run39/tdd,z-ai/glm-5.3,tdd,implementacao,False,etapas_sem_sucesso,,ok,1,0,196,174,23,3.347826086956522,25,4.3478260869565215,28.62989549244353
glm/run39/tdd,z-ai/glm-5.3,tdd,testes,False,etapas_sem_sucesso,,ok,1,0,372,247,43,3.0697674418604652,25,2.3255813953488373,21.152418886469093
glm/run40/baseline,z-ai/glm-5.3,baseline,implementacao,True,,153,ok,1,0,254,180,14,4.571428571428571,40,7.142857142857143,18.032356611990114
glm/run40/baseline,z-ai/glm-5.3,baseline,testes,True,,153,ausente,0,0,,,,,,,
glm/run40/tdd,z-ai/glm-5.3,tdd,implementacao,True,,43,ok,1,0,137,103,9,4.888888888888889,23,11.11111111111111,31.56399170814947
glm/run40/tdd,z-ai/glm-5.3,tdd,testes,True,,43,ok,1,0,138,111,17,2.823529411764706,7,0.0,32.0462861936278
glm/run41/baseline,z-ai/glm-5.3,baseline,implementacao,True,,62,ok,1,0,141,139,5,6,16,20.0,30.518672760001255
glm/run41/baseline,z-ai/glm-5.3,baseline,testes,True,,62,ausente,0,0,,,,,,,
glm/run41/tdd,z-ai/glm-5.3,tdd,implementacao,False,ausente,,ausente,0,0,,,,,,,
glm/run41/tdd,z-ai/glm-5.3,tdd,testes,False,ausente,,ok,1,0,634,397,60,3.6333333333333333,26,3.3333333333333335,3.3575792861652616
glm/run42/baseline,z-ai/glm-5.3,baseline,implementacao,True,,6,ok,1,0,177,146,7,6.571428571428571,25,14.285714285714286,38.25400419671973
glm/run42/baseline,z-ai/glm-5.3,baseline,testes,True,,6,ausente,0,0,,,,,,,
glm/run42/tdd,z-ai/glm-5.3,tdd,implementacao,True,,137,ok,1,0,201,132,10,6.3,23,20.0,25.80707816232574
glm/run42/tdd,z-ai/glm-5.3,tdd,testes,True,,137,ok,1,0,274,193,36,3.5555555555555554,27,2.7777777777777777,22.029892734401873
glm/run43/baseline,z-ai/glm-5.3,baseline,implementacao,True,,28,ok,1,0,149,176,7,6.428571428571429,23,14.285714285714286,32.466073377386145
glm/run43/baseline,z-ai/glm-5.3,baseline,testes,True,,28,ausente,0,0,,,,,,,
glm/run43/tdd,z-ai/glm-5.3,tdd,implementacao,False,ausente,,ausente,0,0,,,,,,,
glm/run43/tdd,z-ai/glm-5.3,tdd,testes,False,ausente,,ok,1,0,315,213,37,3.3513513513513513,23,2.7027027027027026,23.64951453411114
glm/run44/baseline,z-ai/glm-5.3,baseline,implementacao,True,sem_decisao,,ok,1,0,65,117,1,1,1,0.0,100.0
glm/run44/baseline,z-ai/glm-5.3,baseline,testes,True,sem_decisao,,ausente,0,0,,,,,,,
glm/run44/tdd,z-ai/glm-5.3,tdd,implementacao,True,,21,ok,1,0,213,194,13,3.3846153846153846,19,7.6923076923076925,33.28784169445522
glm/run44/tdd,z-ai/glm-5.3,tdd,testes,True,,21,ok,1,0,362,231,43,3.1627906976744184,23,4.651162790697675,24.1573475597934
glm/run45/baseline,z-ai/glm-5.3,baseline,implementacao,True,,46,ok,1,0,140,131,9,6,31,11.11111111111111,31.360993950487835
glm/run45/baseline,z-ai/glm-5.3,baseline,testes,True,,46,ausente,0,0,,,,,,,
glm/run45/tdd,z-ai/glm-5.3,tdd,implementacao,False,etapas_sem_sucesso,,ok,1,0,381,234,18,6.777777777777778,25,16.666666666666668,14.161116837576134
glm/run45/tdd,z-ai/glm-5.3,tdd,testes,False,etapas_sem_sucesso,,ok,1,0,1,1,0,,,,100.0
glm/run46/baseline,z-ai/glm-5.3,baseline,implementacao,True,sem_pagina,,ok,1,0,134,157,7,7.285714285714286,28,14.285714285714286,28.253908292433167
glm/run46/baseline,z-ai/glm-5.3,baseline,testes,True,sem_pagina,,ausente,0,0,,,,,,,
glm/run46/tdd,z-ai/glm-5.3,tdd,implementacao,True,,108,ok,1,0,144,106,10,4.2,22,10.0,28.181487097992196
glm/run46/tdd,z-ai/glm-5.3,tdd,testes,True,,108,ok,1,0,182,138,28,3.142857142857143,11,3.5714285714285716,37.2996654483772
glm/run47/baseline,z-ai/glm-5.3,baseline,implementacao,True,sem_pagina,,ok,1,0,179,175,9,6.444444444444445,20,11.11111111111111,31.71067485368466
glm/run47/baseline,z-ai/glm-5.3,baseline,testes,True,sem_pagina,,ausente,0,0,,,,,,,
glm/run47/tdd,z-ai/glm-5.3,tdd,implementacao,True,,118,ok,1,0,166,165,10,4.2,20,10.0,27.68227447554712
glm/run47/tdd,z-ai/glm-5.3,tdd,testes,True,,118,ok,1,0,278,120,20,3.65,6,0.0,27.06727590825252
glm/run48/baseline,z-ai/glm-5.3,baseline,implementacao,True,,18,ok,1,0,140,134,4,10.25,32,25.0,33.60848417415769
glm/run48/baseline,z-ai/glm-5.3,baseline,testes,True,,18,ausente,0,0,,,,,,,
glm/run48/tdd,z-ai/glm-5.3,tdd,implementacao,True,,150,ok,1,0,214,221,18,3.1666666666666665,21,5.555555555555555,22.35201754661979
glm/run48/tdd,z-ai/glm-5.3,tdd,testes,True,,150,ok,4,0,234,208,33,2.878787878787879,9,0.0,25.915147836433952
glm/run49/baseline,z-ai/glm-5.3,baseline,implementacao,True,,17,ok,1,0,105,80,7,5.571428571428571,19,14.285714285714286,33.80838192168271
glm/run49/baseline,z-ai/glm-5.3,baseline,testes,True,,17,ausente,0,0,,,,,,,
glm/run49/tdd,z-ai/glm-5.3,tdd,implementacao,False,ausente,,ausente,0,0,,,,,,,
glm/run49/tdd,z-ai/glm-5.3,tdd,testes,False,ausente,,ok,3,0,143,121,20,3.45,12,5.0,38.70295561381793
glm/run50/baseline,z-ai/glm-5.3,baseline,implementacao,True,,95,ok,1,0,124,95,4,11.25,28,25.0,28.907654798048497
glm/run50/baseline,z-ai/glm-5.3,baseline,testes,True,,95,ausente,0,0,,,,,,,
glm/run50/tdd,z-ai/glm-5.3,tdd,implementacao,False,etapas_sem_sucesso,,ok,1,0,162,157,10,4.1,20,10.0,26.37996127544679
glm/run50/tdd,z-ai/glm-5.3,tdd,testes,False,etapas_sem_sucesso,,ok,3,0,284,163,22,4.090909090909091,12,4.545454545454546,32.910780536712636
